{"A0": {"A0": 13.241624, "A3": 17.469716999999999, "A2": 17.290265000000002, "A24": 12.526323, "A13": 14.472071}}