{"A35": {"A1": 34.611879999999999, "A4": 45.156782999999997, "A35": 39.231337000000003}}