{"A35": {"Bogus": 0.016473000000000002, "A35": 0.98352700000000004}}