{"A45": {"A79": 0.01108, "A78": 0.011252, "A77": 0.011044, "A76": 0.011082, "A75": 0.011235999999999999, "A74": 0.01098, "A73": 0.011199000000000001, "A72": 0.011282, "A71": 0.011174, "A70": 0.010959, "A68": 0.010997, "A69": 0.011284000000000001, "A64": 0.011306999999999999, "A65": 0.01124, "A66": 0.011169999999999999, "A67": 0.011041, "A60": 0.011138, "A61": 0.01125, "A62": 0.011028, "A63": 0.0112, "A51": 0.011243, "A50": 0.011252, "A53": 0.011155999999999999, "A52": 0.01115, "A55": 0.010978999999999999, "A54": 0.010985, "A57": 0.011065, "A56": 0.010959999999999999, "A59": 0.011091, "A58": 0.011143999999999999, "A46": 0.011110999999999999, "A47": 0.011098999999999999, "A44": 0.011183, "A45": 0.011083000000000001, "A42": 0.011084999999999999, "A43": 0.010973999999999999, "A40": 0.011179, "A41": 0.011351, "A48": 0.011369000000000001, "A49": 0.011011999999999999, "A33": 0.011214, "A32": 0.01123, "A31": 0.011091, "A30": 0.011167, "A37": 0.011061, "A36": 0.011047, "A35": 0.010995, "A34": 0.011083000000000001, "A39": 0.011006999999999999, "A38": 0.011129, "A20": 0.010983, "A21": 0.011089999999999999, "A22": 0.011028, "A23": 0.011113, "A24": 0.010942, "A25": 0.011195999999999999, "A26": 0.010973999999999999, "A27": 0.011169, "A28": 0.011178, "A29": 0.010914999999999999, "A15": 0.011297, "A14": 0.011087, "A17": 0.011061, "A16": 0.011217, "A11": 0.010999999999999999, "A10": 0.011084, "A13": 0.011126, "A12": 0.011344999999999999, "A19": 0.010917, "A18": 0.010808999999999999, "A1": 0.011087, "A0": 0.011011, "A3": 0.011051999999999999, "A2": 0.011017000000000001, "A5": 0.011015, "A4": 0.011114000000000001, "A7": 0.011131, "A6": 0.011048000000000001, "A9": 0.011191, "A8": 0.011174, "A82": 0.011122999999999999, "A83": 0.011191, "A80": 0.011082, "A81": 0.011179, "A86": 0.011195999999999999, "A87": 0.011242, "A84": 0.011219, "A85": 0.011067, "A88": 0.010964, "A89": 0.010928}}