{"A35": {"A1": 0.29011100000000001, "A4": 0.37956800000000002, "A35": 0.33032099999999998}}