{"A45": {"A79": 0.00077800000000000005, "A78": 0.00074799999999999997, "A77": 0.00073899999999999997, "A76": 0.00074700000000000005, "A75": 0.0091269999999999997, "A74": 0.000767, "A73": 0.00081300000000000003, "A72": 0.00072300000000000001, "A71": 0.00072300000000000001, "A70": 0.012671, "A68": 0.00074299999999999995, "A69": 0.0037889999999999998, "A64": 0.0082850000000000007, "A65": 0.0076030000000000004, "A66": 0.00076199999999999998, "A67": 0.0015089999999999999, "A60": 0.0022160000000000001, "A61": 0.00071400000000000001, "A62": 0.00076499999999999995, "A63": 0.0030360000000000001, "A51": 0.0022669999999999999, "A50": 0.00075600000000000005, "A53": 0.00511, "A52": 0.020815, "A55": 0.00077200000000000001, "A54": 0.023604, "A57": 0.00148, "A56": 0.013738999999999999, "A59": 0.021978999999999999, "A58": 0.0089899999999999997, "A46": 0.00075199999999999996, "A47": 0.0029640000000000001, "A44": 0.0015009999999999999, "A45": 0.00077899999999999996, "A42": 0.016632999999999998, "A43": 0.003006, "A40": 0.0029970000000000001, "A41": 0.0098519999999999996, "A48": 0.0068640000000000003, "A49": 0.0014729999999999999, "A33": 0.00076300000000000001, "A32": 0.014918000000000001, "A31": 0.0052979999999999998, "A30": 0.019085000000000001, "A37": 0.003754, "A36": 0.00073099999999999999, "A35": 0.089802999999999994, "A34": 0.0029169999999999999, "A39": 0.0014729999999999999, "A38": 0.0038730000000000001, "A20": 0.011073, "A21": 0.016573000000000001, "A22": 0.00072999999999999996, "A23": 0.0015280000000000001, "A24": 0.053481000000000001, "A25": 0.011105, "A26": 0.0059979999999999999, "A27": 0.00068900000000000005, "A28": 0.00068300000000000001, "A29": 0.0031080000000000001, "A15": 0.00068000000000000005, "A14": 0.00075500000000000003, "A17": 0.00072400000000000003, "A16": 0.0021540000000000001, "A11": 0.0044060000000000002, "A10": 0.0030460000000000001, "A13": 0.062163999999999997, "A12": 0.0090080000000000004, "A19": 0.020219999999999998, "A18": 0.019571999999999999, "A1": 0.079332, "A0": 0.056207, "A3": 0.074682999999999999, "A2": 0.073321999999999998, "A5": 0.0099959999999999997, "A4": 0.102714, "A7": 0.00071100000000000004, "A6": 0.0044530000000000004, "A9": 0.013429, "A8": 0.0037290000000000001, "A82": 0.00074899999999999999, "A83": 0.00077300000000000003, "A80": 0.00077800000000000005, "A81": 0.00071000000000000002, "A86": 0.00075600000000000005, "A87": 0.00074299999999999995, "A84": 0.00073899999999999997, "A85": 0.00075199999999999996, "A88": 0.00079000000000000001, "A89": 0.00073099999999999999}}