{"A13": {"A0": 0.17633599999999999, "A3": 0.23252500000000001, "A2": 0.23155400000000001, "A24": 0.16692100000000001, "A13": 0.192664}}